28020,KING ST-OLD TOWN STATION + BUS BAY J,38.806225,-77.060768
17534,DULANY ST + DUKE ST,38.804423,-77.063527
19305,MILL RD + EISENHOWER AVE,38.801168,-77.067421
20463,OXON HILL PARK AND RIDE + BUS BAY A,38.798489,-77.000212
19269,MONUMENT AVE + MGM CASINO,38.796384,-77.008443
16242,ST GEORGE BLVD + WATERFRONT ST,38.782242,-77.014097
18429,OXON HILL RD + HARBORVIEW AVE,38.797655,-77.002774
19083,EISENHOWER AVE + SWAMP FOX RD,38.801163,-77.071423
21954,DULANY ST + DUKE ST,38.804365,-77.063303
