251,CLINTON PARK AND RIDE LOT + BUS BAY B,38.766064,-76.885123
13337,BRANCH AVE STATION + BUS BAY G,38.826785,-76.912174
509,OLD BRANCH AVE + ARBUTUS LN,38.786045,-76.897899
13339,OLD BRANCH AVE + COVENTRY WAY,38.783187,-76.898596
21643,WOODY TERR + #12106,38.766368,-76.886745
