14253,DULLES AIRPORT MAIN TERMINAL + ARRIVALS/DOOR,38.953409,-77.447486
21616,HERNDON-MONROE PK + RD + BUS BAY T,38.951945,-77.383346
21603,N MOORE ST + ROSSLYN STATION BUS BAY B,38.896347,-77.071638
19357,D ST + 9TH ST TUNNEL ENTR,38.884752,-77.023237
21975,D ST + 7TH ST,38.884767,-77.02116
4632,E ST SW + 7TH ST SW,38.883351,-77.021577
13060,AVIATION DR + AUTOPILOT DR,38.958289,-77.449456
