27794,TWINBROOK STATION (W) + BUS BAY C,39.061699,-77.121193
28058,ROCKVILLE STATION - BUS BAY T8,39.084717,-77.147522
28042,SHADY GROVE STATION - BUS BAY T2,39.11974,-77.16494
