14258,PENTAGON TRANSIT CTR + BUS BAY U6,38.868937,-77.054016
17529,MARK CENTER DR + BEAUREGARD ST,38.832838,-77.119682
18216,MARK CENTER TRANSIT STATION + BUS BAY 1,38.831529,-77.117532
22066,MARK CENTER OUTBOUND STOP,38.832134,-77.116234
22076,PENTAGON ANNOUNCEMENT,38.866695,-77.053047
14595,PENTAGON TRANSIT CTR + BUS BAY U11,38.86944,-77.053336
