,route_id,avg_dist
0,104,0.22052631578947365
1,105,0.2614814814814815
2,108,0.4309090909090908
3,109,0.30599999999999994
4,111,0.43249999999999994
5,113,0.35648648648648645
6,114,0.2892307692307692
7,115,0.23312500000000003
8,116,0.2318518518518519
9,117,0.30846153846153845
10,118,0.23411764705882354
11,122,0.2003125
12,126,0.3763970588235294
13,127,0.43444444444444436
14,132,0.39099999999999996
15,133,0.3208571428571429
16,141,19.17
17,142,14.656666666666666
18,143,0.5008474576271185
